nombre,email,date,telefono,direccion
Leah,Integer@ullamcorpervelit.org,07/06/1952,050-515-1359,Beuzet
Aaron,et@Nullam.ca,25/12/1960,035-651-6963,Auburn
Sloane,montes.nascetur@Vivamus.com,07/02/1956,063-509-5438,María Pinto
Shafira,diam.Proin.dolor@lectusjustoeu.edu,28/10/1984,075-073-9055,Salisbury
Cassady,Integer@bibendumDonec.edu,02/06/1990,045-963-5175,Rivello
Driscoll,neque.Nullam@Nullam.com,27/02/1985,088-496-9800,Montreuil
Pearl,aliquet.nec@nequeetnunc.ca,21/01/1957,013-078-9742,Hugli-Chinsurah
Zenaida,at.libero.Morbi@perinceptos.co.uk,15/01/1990,088-165-2714,Chandrapur
Carly,amet.consectetuer.adipiscing@odio.ca,14/06/1995,002-132-2528,Lo Espejo
Minerva,sapien.Nunc@necdiamDuis.org,28/11/2000,028-422-4598,Aachen
Daria,metus.facilisis@turpisAliquam.org,13/08/1953,046-335-8259,Maser
Nero,risus.Donec.egestas@Etiam.org,09/09/1996,027-492-7239,Tallahassee
Aaron,euismod.in.dolor@pharetraNam.ca,02/12/2005,084-897-2288,Püttlingen
Casey,sem@erosProin.ca,05/11/1974,001-521-1836,Bronnitsy
Joelle,eleifend.nunc.risus@metuseuerat.edu,13/01/1990,005-643-5431,My
Noelle,vulputate@Duis.edu,10/07/1989,078-086-7488,Jauchelette
Ariana,at.sem@erategettincidunt.edu,22/05/1952,041-005-5522,Promo-Control
Aubrey,In@etrutrum.org,26/08/1985,084-357-8367,Ophoven
Noelani,non@tellusimperdiet.ca,11/10/1956,001-105-5797,Río Claro
Brock,mattis@ornare.ca,24/09/1987,030-949-7166,Pinneberg
Athena,orci.consectetuer@etmagnis.co.uk,06/04/1956,061-986-7394,Francavilla Fontana
Tyrone,et.magnis@eget.edu,30/06/1952,021-838-0791,Jhang
Bert,nunc.ac.mattis@tellus.co.uk,17/04/1995,055-390-4370,Elmshorn
Teegan,natoque@etrutrumeu.co.uk,13/01/1955,029-029-8828,Bahawalpur
Harriet,ridiculus.mus@Maecenas.edu,31/01/1954,053-925-6597,Cuceglio
Noel,magnis.dis@Etiamlaoreet.ca,20/08/2008,092-233-7887,Pelarco
Sopoline,Vestibulum.ante@Fusce.com,13/07/1978,027-342-5325,Port Hope
Kibo,dapibus.rutrum@lacusQuisque.ca,10/05/1951,063-595-3776,Palayankottai
Chester,velit.justo.nec@inmolestietortor.edu,12/03/1998,016-360-9261,Puerto Montt
Kasper,erat.nonummy@nislQuisque.edu,22/03/1958,060-792-9573,Eisleben
Charles,velit.Quisque@acorci.edu,01/08/1966,044-978-4901,Deerlijk
Cora,Aliquam@iaculis.org,11/04/2002,049-677-8489,D�gelis
Rachel,et.magnis.dis@orciUtsemper.org,26/12/1997,015-127-6043,Port Moody
Keiko,nunc.id.enim@malesuadavel.ca,18/10/1978,011-545-7320,Bridgeport
Justina,Cras@euturpis.net,31/03/1972,010-593-5199,Momignies
Xander,orci.luctus@fermentum.ca,13/02/1964,023-797-2995,Trieste
Thomas,varius.Nam@ipsumnon.co.uk,21/03/1972,052-251-1702,Cañas
Destiny,molestie@ametorciUt.edu,26/04/1967,031-882-7089,Wood Buffalo
Justin,parturient.montes@Curabitur.com,14/06/2006,026-534-9760,Eisleben
Richard,et@in.org,31/01/1987,072-740-8799,Kawartha Lakes
Keaton,Suspendisse.ac@egestas.ca,10/05/1990,091-888-6813,Orlando
Zorita,non.feugiat.nec@est.edu,17/07/1996,010-838-6890,Modinagar
Dominic,at.nisi@egestasFusce.co.uk,28/06/1993,052-909-4752,Waver
Hanna,nec.tempus@dolor.co.uk,18/02/2000,021-185-7417,Denver
Shelly,parturient.montes@nislelementumpurus.edu,21/07/1960,089-180-8371,San Pablo
Hashim,sit@mollisIntegertincidunt.com,20/03/1964,019-071-7428,Eisenhüttenstadt
Simon,sapien.Cras.dolor@anteMaecenasmi.ca,22/11/1961,071-577-2656,Kupang
Malachi,Praesent@sapien.org,03/10/1988,044-789-1776,Alajuela
Chandler,et@penatibuset.co.uk,06/07/1990,005-844-2629,Townsville
Kim,placerat.velit.Quisque@hendreritneque.ca,29/10/2008,065-310-2140,Breton
Idola,pede@eros.org,03/02/1998,091-194-5918,Coquimbo
Ray,Sed@magnisdisparturient.org,03/01/1989,016-026-8880,Riparbella
Melanie,quis.diam@Integerurna.net,07/12/1969,021-900-2565,Kaluga
Melodie,sociis.natoque.penatibus@Cras.co.uk,31/12/1984,096-368-2561,Maransart
Rama,vulputate.lacus.Cras@arcuVestibulumante.com,10/05/1982,060-396-0642,Cessnock
Rhoda,eleifend.egestas@neque.ca,03/05/1969,020-102-0613,Issime
Marcia,justo.faucibus.lectus@libero.org,10/10/1982,099-491-0203,Airdrie
Rowan,Aliquam@at.net,10/04/2000,098-322-1075,Ciudad Victoria
Barclay,pharetra.sed.hendrerit@Inmi.ca,27/12/1990,017-992-1162,Chesapeake
Whitney,a.purus@esttempor.edu,19/03/1961,046-077-0532,Calamar
Tashya,tempus.lorem.fringilla@mollisPhasellus.ca,03/02/1959,080-434-7115,Rotheux-RimiŽre
Barrett,Cras@euismodurnaNullam.ca,15/12/2009,065-699-9353,Hondelange
Farrah,nec.ante.Maecenas@Suspendissecommodotincidunt.edu,10/01/1954,084-059-4675,Oberwart
Jasper,purus.ac.tellus@Proindolor.co.uk,14/10/1954,016-668-8513,Malegaon
Beau,mauris@acmattis.co.uk,07/06/1999,029-621-7704,Londerzeel
Jael,egestas.a.scelerisque@magna.edu,25/11/1953,027-035-3920,Rochester
Lisandra,et.ultrices@aliquetvelvulputate.org,17/11/1974,019-620-8737,Beauvechain
Ava,purus@lobortisquispede.ca,07/03/1978,080-989-5136,Oberhausen
Brianna,rutrum.magna.Cras@nisinibhlacinia.net,09/12/1980,071-452-8813,Leersum
Cathleen,sem.magna@parturientmontesnascetur.edu,09/07/1963,093-129-7051,Nizip
Patrick,lorem.sit.amet@tincidunt.ca,19/04/1960,021-990-9876,Oudenaken
Rae,pellentesque.Sed.dictum@urnaetarcu.net,23/08/2010,030-109-9133,Cimolais
Amaya,elementum.at@velarcueu.com,16/04/2002,068-241-9241,Teodoro Schmidt
Risa,sagittis.placerat@loremacrisus.co.uk,04/04/1972,081-909-4436,Gilgit
Zenia,molestie@orci.edu,24/06/1968,060-743-7151,Malegaon
Indira,vestibulum@tellusimperdietnon.ca,15/11/1999,042-197-3246,Murmansk
Alma,Curabitur@lectuspedeet.org,18/08/1989,065-977-7649,San Piero Patti
Troy,tempor.est@magnaetipsum.org,04/03/1975,039-916-8345,Pontedera
Nicholas,feugiat.metus@auctorMaurisvel.co.uk,20/08/2002,046-685-8190,Baidyabati
Oleg,dapibus.gravida.Aliquam@enimEtiam.edu,17/04/1980,095-772-2937,Tolyatti
Odysseus,mauris.elit@egestas.org,11/03/1960,025-922-7906,Giardinello
Russell,eget.odio@scelerisquesed.ca,15/10/1957,047-035-9713,Yamuna Nagar
Jescie,mauris.blandit.mattis@eudoloregestas.ca,04/08/1985,083-495-9059,Darıca
Wilma,Cum@Pellentesque.net,07/06/2003,009-444-0111,Chapadinha
Harding,Praesent.eu.dui@in.ca,27/06/1998,049-576-8498,Zapopan
Salvador,dis.parturient@non.com,27/03/1980,002-669-0971,Gap
Madison,sed.hendrerit@adipiscing.com,27/05/1999,097-732-8189,Sunshine Coast Regional District
Alma,magna@dolor.edu,26/04/1998,002-138-7000,Ambresin
Dahlia,ridiculus.mus.Proin@Proin.org,20/11/2008,087-977-0904,Bayonne
Gretchen,nibh.sit@iaculisenim.net,24/03/1999,057-105-9071,Glenrothes
Zoe,iaculis@elitpretiumet.co.uk,03/10/1963,030-767-2495,Chelsea
Petra,dui@mi.org,24/12/2006,026-164-8488,Sant'Omero
Rinah,leo@pede.net,29/11/2004,094-705-6638,Vaux-lez-Rosieres
Erin,ligula@ametrisus.org,07/06/1974,003-241-4584,Kediri
Tana,dolor.Fusce.feugiat@estmauris.co.uk,02/08/1960,062-958-0312,Korbach
Ursula,quis.arcu@velarcueu.edu,13/03/1960,099-702-5084,Alingsås
Clark,Vivamus@et.edu,02/04/1961,024-304-6265,Galbiate
Xenos,interdum.enim.non@Suspendisse.org,09/08/1999,096-915-8503,Friedberg
Lee,Aliquam.nisl.Nulla@euultricessit.ca,09/09/1977,053-446-3095,Jecheon
Autumn,ut.lacus.Nulla@ligulaeu.co.uk,27/04/1982,060-698-9568,Westlock